timestamp,step,tag,value,source_file,relative_path,experiment,datetime
1749583540.4403272,0,Loss/train,2.273162841796875,events.out.tfevents.1749582302.Eli-Alien-x14.25968.0,exp1\logs\events.out.tfevents.1749582302.Eli-Alien-x14.25968.0,exp1,2025-06-10 19:25:40.440327168
1749583540.4403272,0,Loss/val,2.386162519454956,events.out.tfevents.1749582302.Eli-Alien-x14.25968.0,exp1\logs\events.out.tfevents.1749582302.Eli-Alien-x14.25968.0,exp1,2025-06-10 19:25:40.440327168
1749583540.4403272,0,Accuracy/train,0.5161886215209961,events.out.tfevents.1749582302.Eli-Alien-x14.25968.0,exp1\logs\events.out.tfevents.1749582302.Eli-Alien-x14.25968.0,exp1,2025-06-10 19:25:40.440327168
1749583540.4403272,0,Accuracy/val,0.49441537261009216,events.out.tfevents.1749582302.Eli-Alien-x14.25968.0,exp1\logs\events.out.tfevents.1749582302.Eli-Alien-x14.25968.0,exp1,2025-06-10 19:25:40.440327168
1749583540.4403272,0,BLEU/val,0.06397692114114761,events.out.tfevents.1749582302.Eli-Alien-x14.25968.0,exp1\logs\events.out.tfevents.1749582302.Eli-Alien-x14.25968.0,exp1,2025-06-10 19:25:40.440327168
1749583540.4403272,0,LR,0.0010000000474974513,events.out.tfevents.1749582302.Eli-Alien-x14.25968.0,exp1\logs\events.out.tfevents.1749582302.Eli-Alien-x14.25968.0,exp1,2025-06-10 19:25:40.440327168
1749598805.3140707,0,Loss/train,2.5363683700561523,events.out.tfevents.1749597899.Eli-Alien-x14.7080.0,exp2\logs\events.out.tfevents.1749597899.Eli-Alien-x14.7080.0,exp2,2025-06-10 23:40:05.314070702
1749598805.3151085,0,Loss/val,2.7278976440429688,events.out.tfevents.1749597899.Eli-Alien-x14.7080.0,exp2\logs\events.out.tfevents.1749597899.Eli-Alien-x14.7080.0,exp2,2025-06-10 23:40:05.315108538
1749598805.3151085,0,Accuracy/train,0.4702172577381134,events.out.tfevents.1749597899.Eli-Alien-x14.7080.0,exp2\logs\events.out.tfevents.1749597899.Eli-Alien-x14.7080.0,exp2,2025-06-10 23:40:05.315108538
1749598805.3151085,0,Accuracy/val,0.4479721784591675,events.out.tfevents.1749597899.Eli-Alien-x14.7080.0,exp2\logs\events.out.tfevents.1749597899.Eli-Alien-x14.7080.0,exp2,2025-06-10 23:40:05.315108538
1749598805.3151085,0,BLEU/val,0.05149306729435921,events.out.tfevents.1749597899.Eli-Alien-x14.7080.0,exp2\logs\events.out.tfevents.1749597899.Eli-Alien-x14.7080.0,exp2,2025-06-10 23:40:05.315108538
1749598805.3151085,0,LR,0.004999999888241291,events.out.tfevents.1749597899.Eli-Alien-x14.7080.0,exp2\logs\events.out.tfevents.1749597899.Eli-Alien-x14.7080.0,exp2,2025-06-10 23:40:05.315108538
1749612577.2982936,0,Loss/train,2.0261685848236084,events.out.tfevents.1749611105.Eli-Alien-x14.3776.0,exp3\logs\events.out.tfevents.1749611105.Eli-Alien-x14.3776.0,exp3,2025-06-11 03:29:37.298293591
1749612577.2982936,0,Loss/val,1.986063003540039,events.out.tfevents.1749611105.Eli-Alien-x14.3776.0,exp3\logs\events.out.tfevents.1749611105.Eli-Alien-x14.3776.0,exp3,2025-06-11 03:29:37.298293591
1749612577.2982936,0,Accuracy/train,0.5687925815582275,events.out.tfevents.1749611105.Eli-Alien-x14.3776.0,exp3\logs\events.out.tfevents.1749611105.Eli-Alien-x14.3776.0,exp3,2025-06-11 03:29:37.298293591
1749612577.2982936,0,Accuracy/val,0.5789012312889099,events.out.tfevents.1749611105.Eli-Alien-x14.3776.0,exp3\logs\events.out.tfevents.1749611105.Eli-Alien-x14.3776.0,exp3,2025-06-11 03:29:37.298293591
1749612577.2982936,0,BLEU/val,0.1259208619594574,events.out.tfevents.1749611105.Eli-Alien-x14.3776.0,exp3\logs\events.out.tfevents.1749611105.Eli-Alien-x14.3776.0,exp3,2025-06-11 03:29:37.298293591
1749612577.2982936,0,LR,0.0005000000237487257,events.out.tfevents.1749611105.Eli-Alien-x14.3776.0,exp3\logs\events.out.tfevents.1749611105.Eli-Alien-x14.3776.0,exp3,2025-06-11 03:29:37.298293591
1749618312.826483,0,Loss/train,1.8597370386123657,events.out.tfevents.1749615572.Ayushs-MacBook-Pro-2.local.14937.0,transformer_run\logs\events.out.tfevents.1749615572.Ayushs-MacBook-Pro-2.local.14937.0,transformer_run,2025-06-11 05:05:12.826483011
1749618312.826611,0,Loss/val,1.9078649282455444,events.out.tfevents.1749615572.Ayushs-MacBook-Pro-2.local.14937.0,transformer_run\logs\events.out.tfevents.1749615572.Ayushs-MacBook-Pro-2.local.14937.0,transformer_run,2025-06-11 05:05:12.826611042
1749618312.826644,0,Accuracy/train,0.587500810623169,events.out.tfevents.1749615572.Ayushs-MacBook-Pro-2.local.14937.0,transformer_run\logs\events.out.tfevents.1749615572.Ayushs-MacBook-Pro-2.local.14937.0,transformer_run,2025-06-11 05:05:12.826643944
1749618312.826656,0,Accuracy/val,0.5828069448471069,events.out.tfevents.1749615572.Ayushs-MacBook-Pro-2.local.14937.0,transformer_run\logs\events.out.tfevents.1749615572.Ayushs-MacBook-Pro-2.local.14937.0,transformer_run,2025-06-11 05:05:12.826656103
1749618312.8266702,0,BLEU/val,0.18126888573169708,events.out.tfevents.1749615572.Ayushs-MacBook-Pro-2.local.14937.0,transformer_run\logs\events.out.tfevents.1749615572.Ayushs-MacBook-Pro-2.local.14937.0,transformer_run,2025-06-11 05:05:12.826670170
1749618312.8266828,0,LR,0.0010000000474974513,events.out.tfevents.1749615572.Ayushs-MacBook-Pro-2.local.14937.0,transformer_run\logs\events.out.tfevents.1749615572.Ayushs-MacBook-Pro-2.local.14937.0,transformer_run,2025-06-11 05:05:12.826682806
1749584669.3187997,1,Loss/train,1.8015365600585938,events.out.tfevents.1749582302.Eli-Alien-x14.25968.0,exp1\logs\events.out.tfevents.1749582302.Eli-Alien-x14.25968.0,exp1,2025-06-10 19:44:29.318799734
1749584669.3187997,1,Loss/val,2.1197309494018555,events.out.tfevents.1749582302.Eli-Alien-x14.25968.0,exp1\logs\events.out.tfevents.1749582302.Eli-Alien-x14.25968.0,exp1,2025-06-10 19:44:29.318799734
1749584669.3187997,1,Accuracy/train,0.6076759099960327,events.out.tfevents.1749582302.Eli-Alien-x14.25968.0,exp1\logs\events.out.tfevents.1749582302.Eli-Alien-x14.25968.0,exp1,2025-06-10 19:44:29.318799734
1749584669.3187997,1,Accuracy/val,0.5527653098106384,events.out.tfevents.1749582302.Eli-Alien-x14.25968.0,exp1\logs\events.out.tfevents.1749582302.Eli-Alien-x14.25968.0,exp1,2025-06-10 19:44:29.318799734
1749584669.3187997,1,BLEU/val,0.10847040265798569,events.out.tfevents.1749582302.Eli-Alien-x14.25968.0,exp1\logs\events.out.tfevents.1749582302.Eli-Alien-x14.25968.0,exp1,2025-06-10 19:44:29.318799734
1749584669.3187997,1,LR,0.0010000000474974513,events.out.tfevents.1749582302.Eli-Alien-x14.25968.0,exp1\logs\events.out.tfevents.1749582302.Eli-Alien-x14.25968.0,exp1,2025-06-10 19:44:29.318799734
1749599686.9252076,1,Loss/train,2.0864150524139404,events.out.tfevents.1749597899.Eli-Alien-x14.7080.0,exp2\logs\events.out.tfevents.1749597899.Eli-Alien-x14.7080.0,exp2,2025-06-10 23:54:46.925207615
1749599686.9252076,1,Loss/val,2.4891741275787354,events.out.tfevents.1749597899.Eli-Alien-x14.7080.0,exp2\logs\events.out.tfevents.1749597899.Eli-Alien-x14.7080.0,exp2,2025-06-10 23:54:46.925207615
1749599686.9252076,1,Accuracy/train,0.5542281866073608,events.out.tfevents.1749597899.Eli-Alien-x14.7080.0,exp2\logs\events.out.tfevents.1749597899.Eli-Alien-x14.7080.0,exp2,2025-06-10 23:54:46.925207615
1749599686.9252076,1,Accuracy/val,0.4886671006679535,events.out.tfevents.1749597899.Eli-Alien-x14.7080.0,exp2\logs\events.out.tfevents.1749597899.Eli-Alien-x14.7080.0,exp2,2025-06-10 23:54:46.925207615
1749599686.9252076,1,BLEU/val,0.08517365157604218,events.out.tfevents.1749597899.Eli-Alien-x14.7080.0,exp2\logs\events.out.tfevents.1749597899.Eli-Alien-x14.7080.0,exp2,2025-06-10 23:54:46.925207615
1749599686.9252076,1,LR,0.004999999888241291,events.out.tfevents.1749597899.Eli-Alien-x14.7080.0,exp2\logs\events.out.tfevents.1749597899.Eli-Alien-x14.7080.0,exp2,2025-06-10 23:54:46.925207615
1749614050.0825832,1,Loss/train,1.3183459043502808,events.out.tfevents.1749611105.Eli-Alien-x14.3776.0,exp3\logs\events.out.tfevents.1749611105.Eli-Alien-x14.3776.0,exp3,2025-06-11 03:54:10.082583189
1749614050.0825832,1,Loss/val,1.5508683919906616,events.out.tfevents.1749611105.Eli-Alien-x14.3776.0,exp3\logs\events.out.tfevents.1749611105.Eli-Alien-x14.3776.0,exp3,2025-06-11 03:54:10.082583189
1749614050.0825832,1,Accuracy/train,0.7129804491996765,events.out.tfevents.1749611105.Eli-Alien-x14.3776.0,exp3\logs\events.out.tfevents.1749611105.Eli-Alien-x14.3776.0,exp3,2025-06-11 03:54:10.082583189
1749614050.0825832,1,Accuracy/val,0.6745261549949646,events.out.tfevents.1749611105.Eli-Alien-x14.3776.0,exp3\logs\events.out.tfevents.1749611105.Eli-Alien-x14.3776.0,exp3,2025-06-11 03:54:10.082583189
1749614050.0825832,1,BLEU/val,0.2530616521835327,events.out.tfevents.1749611105.Eli-Alien-x14.3776.0,exp3\logs\events.out.tfevents.1749611105.Eli-Alien-x14.3776.0,exp3,2025-06-11 03:54:10.082583189
1749614050.0825832,1,LR,0.0005000000237487257,events.out.tfevents.1749611105.Eli-Alien-x14.3776.0,exp3\logs\events.out.tfevents.1749611105.Eli-Alien-x14.3776.0,exp3,2025-06-11 03:54:10.082583189
1749621025.011337,1,Loss/train,1.216227650642395,events.out.tfevents.1749615572.Ayushs-MacBook-Pro-2.local.14937.0,transformer_run\logs\events.out.tfevents.1749615572.Ayushs-MacBook-Pro-2.local.14937.0,transformer_run,2025-06-11 05:50:25.011337042
1749621025.011468,1,Loss/val,1.540376901626587,events.out.tfevents.1749615572.Ayushs-MacBook-Pro-2.local.14937.0,transformer_run\logs\events.out.tfevents.1749615572.Ayushs-MacBook-Pro-2.local.14937.0,transformer_run,2025-06-11 05:50:25.011467934
1749621025.011484,1,Accuracy/train,0.7241623997688293,events.out.tfevents.1749615572.Ayushs-MacBook-Pro-2.local.14937.0,transformer_run\logs\events.out.tfevents.1749615572.Ayushs-MacBook-Pro-2.local.14937.0,transformer_run,2025-06-11 05:50:25.011483908
1749621025.0114958,1,Accuracy/val,0.6651148200035095,events.out.tfevents.1749615572.Ayushs-MacBook-Pro-2.local.14937.0,transformer_run\logs\events.out.tfevents.1749615572.Ayushs-MacBook-Pro-2.local.14937.0,transformer_run,2025-06-11 05:50:25.011495829
1749621025.011508,1,BLEU/val,0.2723061144351959,events.out.tfevents.1749615572.Ayushs-MacBook-Pro-2.local.14937.0,transformer_run\logs\events.out.tfevents.1749615572.Ayushs-MacBook-Pro-2.local.14937.0,transformer_run,2025-06-11 05:50:25.011507988
1749621025.0115242,1,LR,0.0010000000474974513,events.out.tfevents.1749615572.Ayushs-MacBook-Pro-2.local.14937.0,transformer_run\logs\events.out.tfevents.1749615572.Ayushs-MacBook-Pro-2.local.14937.0,transformer_run,2025-06-11 05:50:25.011524200
1749585778.7541006,2,Loss/train,1.5585333108901978,events.out.tfevents.1749582302.Eli-Alien-x14.25968.0,exp1\logs\events.out.tfevents.1749582302.Eli-Alien-x14.25968.0,exp1,2025-06-10 20:02:58.754100561
1749585778.7541006,2,Loss/val,2.0128986835479736,events.out.tfevents.1749582302.Eli-Alien-x14.25968.0,exp1\logs\events.out.tfevents.1749582302.Eli-Alien-x14.25968.0,exp1,2025-06-10 20:02:58.754100561
1749585778.7541006,2,Accuracy/train,0.6597890853881836,events.out.tfevents.1749582302.Eli-Alien-x14.25968.0,exp1\logs\events.out.tfevents.1749582302.Eli-Alien-x14.25968.0,exp1,2025-06-10 20:02:58.754100561
1749585778.7541006,2,Accuracy/val,0.5794817209243774,events.out.tfevents.1749582302.Eli-Alien-x14.25968.0,exp1\logs\events.out.tfevents.1749582302.Eli-Alien-x14.25968.0,exp1,2025-06-10 20:02:58.754100561
1749585778.7541006,2,BLEU/val,0.13166505098342896,events.out.tfevents.1749582302.Eli-Alien-x14.25968.0,exp1\logs\events.out.tfevents.1749582302.Eli-Alien-x14.25968.0,exp1,2025-06-10 20:02:58.754100561
1749585778.7541006,2,LR,0.0010000000474974513,events.out.tfevents.1749582302.Eli-Alien-x14.25968.0,exp1\logs\events.out.tfevents.1749582302.Eli-Alien-x14.25968.0,exp1,2025-06-10 20:02:58.754100561
1749600524.680495,2,Loss/train,1.8703114986419678,events.out.tfevents.1749597899.Eli-Alien-x14.7080.0,exp2\logs\events.out.tfevents.1749597899.Eli-Alien-x14.7080.0,exp2,2025-06-11 00:08:44.680495024
1749600524.680495,2,Loss/val,2.4325199127197266,events.out.tfevents.1749597899.Eli-Alien-x14.7080.0,exp2\logs\events.out.tfevents.1749597899.Eli-Alien-x14.7080.0,exp2,2025-06-11 00:08:44.680495024
1749600524.680495,2,Accuracy/train,0.6004248261451721,events.out.tfevents.1749597899.Eli-Alien-x14.7080.0,exp2\logs\events.out.tfevents.1749597899.Eli-Alien-x14.7080.0,exp2,2025-06-11 00:08:44.680495024
1749600524.680495,2,Accuracy/val,0.5000616312026978,events.out.tfevents.1749597899.Eli-Alien-x14.7080.0,exp2\logs\events.out.tfevents.1749597899.Eli-Alien-x14.7080.0,exp2,2025-06-11 00:08:44.680495024
1749600524.680495,2,BLEU/val,0.08700471371412277,events.out.tfevents.1749597899.Eli-Alien-x14.7080.0,exp2\logs\events.out.tfevents.1749597899.Eli-Alien-x14.7080.0,exp2,2025-06-11 00:08:44.680495024
1749600524.680495,2,LR,0.004999999888241291,events.out.tfevents.1749597899.Eli-Alien-x14.7080.0,exp2\logs\events.out.tfevents.1749597899.Eli-Alien-x14.7080.0,exp2,2025-06-11 00:08:44.680495024
1749615534.5079782,2,Loss/train,1.0633310079574585,events.out.tfevents.1749611105.Eli-Alien-x14.3776.0,exp3\logs\events.out.tfevents.1749611105.Eli-Alien-x14.3776.0,exp3,2025-06-11 04:18:54.507978201
1749615534.5079782,2,Loss/val,1.3671152591705322,events.out.tfevents.1749611105.Eli-Alien-x14.3776.0,exp3\logs\events.out.tfevents.1749611105.Eli-Alien-x14.3776.0,exp3,2025-06-11 04:18:54.507978201
1749615534.5079782,2,Accuracy/train,0.768894374370575,events.out.tfevents.1749611105.Eli-Alien-x14.3776.0,exp3\logs\events.out.tfevents.1749611105.Eli-Alien-x14.3776.0,exp3,2025-06-11 04:18:54.507978201
1749615534.5079782,2,Accuracy/val,0.7097144722938538,events.out.tfevents.1749611105.Eli-Alien-x14.3776.0,exp3\logs\events.out.tfevents.1749611105.Eli-Alien-x14.3776.0,exp3,2025-06-11 04:18:54.507978201
1749615534.5079782,2,BLEU/val,0.3086307644844055,events.out.tfevents.1749611105.Eli-Alien-x14.3776.0,exp3\logs\events.out.tfevents.1749611105.Eli-Alien-x14.3776.0,exp3,2025-06-11 04:18:54.507978201
1749615534.5079782,2,LR,0.0005000000237487257,events.out.tfevents.1749611105.Eli-Alien-x14.3776.0,exp3\logs\events.out.tfevents.1749611105.Eli-Alien-x14.3776.0,exp3,2025-06-11 04:18:54.507978201
1749623714.106066,2,Loss/train,1.03689706325531,events.out.tfevents.1749615572.Ayushs-MacBook-Pro-2.local.14937.0,transformer_run\logs\events.out.tfevents.1749615572.Ayushs-MacBook-Pro-2.local.14937.0,transformer_run,2025-06-11 06:35:14.106065989
1749623714.106179,2,Loss/val,1.3202900886535645,events.out.tfevents.1749615572.Ayushs-MacBook-Pro-2.local.14937.0,transformer_run\logs\events.out.tfevents.1749615572.Ayushs-MacBook-Pro-2.local.14937.0,transformer_run,2025-06-11 06:35:14.106178999
1749623714.106194,2,Accuracy/train,0.7653957009315491,events.out.tfevents.1749615572.Ayushs-MacBook-Pro-2.local.14937.0,transformer_run\logs\events.out.tfevents.1749615572.Ayushs-MacBook-Pro-2.local.14937.0,transformer_run,2025-06-11 06:35:14.106194019
1749623714.106206,2,Accuracy/val,0.706847608089447,events.out.tfevents.1749615572.Ayushs-MacBook-Pro-2.local.14937.0,transformer_run\logs\events.out.tfevents.1749615572.Ayushs-MacBook-Pro-2.local.14937.0,transformer_run,2025-06-11 06:35:14.106205940
1749623714.106219,2,BLEU/val,0.3119626045227051,events.out.tfevents.1749615572.Ayushs-MacBook-Pro-2.local.14937.0,transformer_run\logs\events.out.tfevents.1749615572.Ayushs-MacBook-Pro-2.local.14937.0,transformer_run,2025-06-11 06:35:14.106219053
1749623714.106241,2,LR,0.0010000000474974513,events.out.tfevents.1749615572.Ayushs-MacBook-Pro-2.local.14937.0,transformer_run\logs\events.out.tfevents.1749615572.Ayushs-MacBook-Pro-2.local.14937.0,transformer_run,2025-06-11 06:35:14.106240988
1749586880.6877222,3,Loss/train,1.4230968952178955,events.out.tfevents.1749582302.Eli-Alien-x14.25968.0,exp1\logs\events.out.tfevents.1749582302.Eli-Alien-x14.25968.0,exp1,2025-06-10 20:21:20.687722206
1749586880.6877222,3,Loss/val,1.8731178045272827,events.out.tfevents.1749582302.Eli-Alien-x14.25968.0,exp1\logs\events.out.tfevents.1749582302.Eli-Alien-x14.25968.0,exp1,2025-06-10 20:21:20.687722206
1749586880.6877222,3,Accuracy/train,0.688861608505249,events.out.tfevents.1749582302.Eli-Alien-x14.25968.0,exp1\logs\events.out.tfevents.1749582302.Eli-Alien-x14.25968.0,exp1,2025-06-10 20:21:20.687722206
1749586880.6877222,3,Accuracy/val,0.5988653898239136,events.out.tfevents.1749582302.Eli-Alien-x14.25968.0,exp1\logs\events.out.tfevents.1749582302.Eli-Alien-x14.25968.0,exp1,2025-06-10 20:21:20.687722206
1749586880.6877222,3,BLEU/val,0.16638027131557465,events.out.tfevents.1749582302.Eli-Alien-x14.25968.0,exp1\logs\events.out.tfevents.1749582302.Eli-Alien-x14.25968.0,exp1,2025-06-10 20:21:20.687722206
1749586880.6877222,3,LR,0.0010000000474974513,events.out.tfevents.1749582302.Eli-Alien-x14.25968.0,exp1\logs\events.out.tfevents.1749582302.Eli-Alien-x14.25968.0,exp1,2025-06-10 20:21:20.687722206
1749601343.6942248,3,Loss/train,1.7344266176223755,events.out.tfevents.1749597899.Eli-Alien-x14.7080.0,exp2\logs\events.out.tfevents.1749597899.Eli-Alien-x14.7080.0,exp2,2025-06-11 00:22:23.694224834
1749601343.6942248,3,Loss/val,2.293435573577881,events.out.tfevents.1749597899.Eli-Alien-x14.7080.0,exp2\logs\events.out.tfevents.1749597899.Eli-Alien-x14.7080.0,exp2,2025-06-11 00:22:23.694224834
1749601343.6942248,3,Accuracy/train,0.6287988424301147,events.out.tfevents.1749597899.Eli-Alien-x14.7080.0,exp2\logs\events.out.tfevents.1749597899.Eli-Alien-x14.7080.0,exp2,2025-06-11 00:22:23.694224834
1749601343.6942248,3,Accuracy/val,0.5262846350669861,events.out.tfevents.1749597899.Eli-Alien-x14.7080.0,exp2\logs\events.out.tfevents.1749597899.Eli-Alien-x14.7080.0,exp2,2025-06-11 00:22:23.694224834
1749601343.6942248,3,BLEU/val,0.11115054786205292,events.out.tfevents.1749597899.Eli-Alien-x14.7080.0,exp2\logs\events.out.tfevents.1749597899.Eli-Alien-x14.7080.0,exp2,2025-06-11 00:22:23.694224834
1749601343.6942248,3,LR,0.004999999888241291,events.out.tfevents.1749597899.Eli-Alien-x14.7080.0,exp2\logs\events.out.tfevents.1749597899.Eli-Alien-x14.7080.0,exp2,2025-06-11 00:22:23.694224834
1749617019.8342547,3,Loss/train,0.950415313243866,events.out.tfevents.1749611105.Eli-Alien-x14.3776.0,exp3\logs\events.out.tfevents.1749611105.Eli-Alien-x14.3776.0,exp3,2025-06-11 04:43:39.834254742
1749617019.8342547,3,Loss/val,1.2597709894180298,events.out.tfevents.1749611105.Eli-Alien-x14.3776.0,exp3\logs\events.out.tfevents.1749611105.Eli-Alien-x14.3776.0,exp3,2025-06-11 04:43:39.834254742
1749617019.8342547,3,Accuracy/train,0.7943065762519836,events.out.tfevents.1749611105.Eli-Alien-x14.3776.0,exp3\logs\events.out.tfevents.1749611105.Eli-Alien-x14.3776.0,exp3,2025-06-11 04:43:39.834254742
1749617019.8342547,3,Accuracy/val,0.7303870320320129,events.out.tfevents.1749611105.Eli-Alien-x14.3776.0,exp3\logs\events.out.tfevents.1749611105.Eli-Alien-x14.3776.0,exp3,2025-06-11 04:43:39.834254742
1749617019.8342547,3,BLEU/val,0.354327529668808,events.out.tfevents.1749611105.Eli-Alien-x14.3776.0,exp3\logs\events.out.tfevents.1749611105.Eli-Alien-x14.3776.0,exp3,2025-06-11 04:43:39.834254742
1749617019.8342547,3,LR,0.0005000000237487257,events.out.tfevents.1749611105.Eli-Alien-x14.3776.0,exp3\logs\events.out.tfevents.1749611105.Eli-Alien-x14.3776.0,exp3,2025-06-11 04:43:39.834254742
1749626405.847121,3,Loss/train,0.9456685185432434,events.out.tfevents.1749615572.Ayushs-MacBook-Pro-2.local.14937.0,transformer_run\logs\events.out.tfevents.1749615572.Ayushs-MacBook-Pro-2.local.14937.0,transformer_run,2025-06-11 07:20:05.847121000
1749626405.8472278,3,Loss/val,1.2689100503921509,events.out.tfevents.1749615572.Ayushs-MacBook-Pro-2.local.14937.0,transformer_run\logs\events.out.tfevents.1749615572.Ayushs-MacBook-Pro-2.local.14937.0,transformer_run,2025-06-11 07:20:05.847227812
1749626405.8472419,3,Accuracy/train,0.7857730984687805,events.out.tfevents.1749615572.Ayushs-MacBook-Pro-2.local.14937.0,transformer_run\logs\events.out.tfevents.1749615572.Ayushs-MacBook-Pro-2.local.14937.0,transformer_run,2025-06-11 07:20:05.847241879
1749626405.847254,3,Accuracy/val,0.7246224880218506,events.out.tfevents.1749615572.Ayushs-MacBook-Pro-2.local.14937.0,transformer_run\logs\events.out.tfevents.1749615572.Ayushs-MacBook-Pro-2.local.14937.0,transformer_run,2025-06-11 07:20:05.847254038
1749626405.847266,3,BLEU/val,0.33245301246643066,events.out.tfevents.1749615572.Ayushs-MacBook-Pro-2.local.14937.0,transformer_run\logs\events.out.tfevents.1749615572.Ayushs-MacBook-Pro-2.local.14937.0,transformer_run,2025-06-11 07:20:05.847265959
1749626405.847278,3,LR,0.0010000000474974513,events.out.tfevents.1749615572.Ayushs-MacBook-Pro-2.local.14937.0,transformer_run\logs\events.out.tfevents.1749615572.Ayushs-MacBook-Pro-2.local.14937.0,transformer_run,2025-06-11 07:20:05.847278118
1749587981.2819755,4,Loss/train,1.341036081314087,events.out.tfevents.1749582302.Eli-Alien-x14.25968.0,exp1\logs\events.out.tfevents.1749582302.Eli-Alien-x14.25968.0,exp1,2025-06-10 20:39:41.281975508
1749587981.2819755,4,Loss/val,1.7693225145339966,events.out.tfevents.1749582302.Eli-Alien-x14.25968.0,exp1\logs\events.out.tfevents.1749582302.Eli-Alien-x14.25968.0,exp1,2025-06-10 20:39:41.281975508
1749587981.2819755,4,Accuracy/train,0.7075865864753723,events.out.tfevents.1749582302.Eli-Alien-x14.25968.0,exp1\logs\events.out.tfevents.1749582302.Eli-Alien-x14.25968.0,exp1,2025-06-10 20:39:41.281975508
1749587981.2819755,4,Accuracy/val,0.6220319271087646,events.out.tfevents.1749582302.Eli-Alien-x14.25968.0,exp1\logs\events.out.tfevents.1749582302.Eli-Alien-x14.25968.0,exp1,2025-06-10 20:39:41.281975508
1749587981.2819755,4,BLEU/val,0.189814031124115,events.out.tfevents.1749582302.Eli-Alien-x14.25968.0,exp1\logs\events.out.tfevents.1749582302.Eli-Alien-x14.25968.0,exp1,2025-06-10 20:39:41.281975508
1749587981.2819755,4,LR,0.0010000000474974513,events.out.tfevents.1749582302.Eli-Alien-x14.25968.0,exp1\logs\events.out.tfevents.1749582302.Eli-Alien-x14.25968.0,exp1,2025-06-10 20:39:41.281975508
1749602165.4012442,4,Loss/train,1.652347445487976,events.out.tfevents.1749597899.Eli-Alien-x14.7080.0,exp2\logs\events.out.tfevents.1749597899.Eli-Alien-x14.7080.0,exp2,2025-06-11 00:36:05.401244164
1749602165.4012442,4,Loss/val,2.2239794731140137,events.out.tfevents.1749597899.Eli-Alien-x14.7080.0,exp2\logs\events.out.tfevents.1749597899.Eli-Alien-x14.7080.0,exp2,2025-06-11 00:36:05.401244164
1749602165.4012442,4,Accuracy/train,0.6463539004325867,events.out.tfevents.1749597899.Eli-Alien-x14.7080.0,exp2\logs\events.out.tfevents.1749597899.Eli-Alien-x14.7080.0,exp2,2025-06-11 00:36:05.401244164
1749602165.4012442,4,Accuracy/val,0.5359373688697815,events.out.tfevents.1749597899.Eli-Alien-x14.7080.0,exp2\logs\events.out.tfevents.1749597899.Eli-Alien-x14.7080.0,exp2,2025-06-11 00:36:05.401244164
1749602165.4012442,4,BLEU/val,0.1309525966644287,events.out.tfevents.1749597899.Eli-Alien-x14.7080.0,exp2\logs\events.out.tfevents.1749597899.Eli-Alien-x14.7080.0,exp2,2025-06-11 00:36:05.401244164
1749602165.4012442,4,LR,0.004999999888241291,events.out.tfevents.1749597899.Eli-Alien-x14.7080.0,exp2\logs\events.out.tfevents.1749597899.Eli-Alien-x14.7080.0,exp2,2025-06-11 00:36:05.401244164
1749618505.5986443,4,Loss/train,0.8903581500053406,events.out.tfevents.1749611105.Eli-Alien-x14.3776.0,exp3\logs\events.out.tfevents.1749611105.Eli-Alien-x14.3776.0,exp3,2025-06-11 05:08:25.598644257
1749618505.5986443,4,Loss/val,1.2709882259368896,events.out.tfevents.1749611105.Eli-Alien-x14.3776.0,exp3\logs\events.out.tfevents.1749611105.Eli-Alien-x14.3776.0,exp3,2025-06-11 05:08:25.598644257
1749618505.5986443,4,Accuracy/train,0.8079001307487488,events.out.tfevents.1749611105.Eli-Alien-x14.3776.0,exp3\logs\events.out.tfevents.1749611105.Eli-Alien-x14.3776.0,exp3,2025-06-11 05:08:25.598644257
1749618505.5986443,4,Accuracy/val,0.7371833920478821,events.out.tfevents.1749611105.Eli-Alien-x14.3776.0,exp3\logs\events.out.tfevents.1749611105.Eli-Alien-x14.3776.0,exp3,2025-06-11 05:08:25.598644257
1749618505.5986443,4,BLEU/val,0.35911405086517334,events.out.tfevents.1749611105.Eli-Alien-x14.3776.0,exp3\logs\events.out.tfevents.1749611105.Eli-Alien-x14.3776.0,exp3,2025-06-11 05:08:25.598644257
1749618505.5986443,4,LR,0.0005000000237487257,events.out.tfevents.1749611105.Eli-Alien-x14.3776.0,exp3\logs\events.out.tfevents.1749611105.Eli-Alien-x14.3776.0,exp3,2025-06-11 05:08:25.598644257
1749628931.6463501,4,Loss/train,0.8901265859603882,events.out.tfevents.1749615572.Ayushs-MacBook-Pro-2.local.14937.0,transformer_run\logs\events.out.tfevents.1749615572.Ayushs-MacBook-Pro-2.local.14937.0,transformer_run,2025-06-11 08:02:11.646350145
1749628931.646476,4,Loss/val,1.2719804048538208,events.out.tfevents.1749615572.Ayushs-MacBook-Pro-2.local.14937.0,transformer_run\logs\events.out.tfevents.1749615572.Ayushs-MacBook-Pro-2.local.14937.0,transformer_run,2025-06-11 08:02:11.646476030
1749628931.6464992,4,Accuracy/train,0.7981370091438293,events.out.tfevents.1749615572.Ayushs-MacBook-Pro-2.local.14937.0,transformer_run\logs\events.out.tfevents.1749615572.Ayushs-MacBook-Pro-2.local.14937.0,transformer_run,2025-06-11 08:02:11.646499157
1749628931.646513,4,Accuracy/val,0.7242298722267151,events.out.tfevents.1749615572.Ayushs-MacBook-Pro-2.local.14937.0,transformer_run\logs\events.out.tfevents.1749615572.Ayushs-MacBook-Pro-2.local.14937.0,transformer_run,2025-06-11 08:02:11.646512985
1749628931.6465302,4,BLEU/val,0.34221747517585754,events.out.tfevents.1749615572.Ayushs-MacBook-Pro-2.local.14937.0,transformer_run\logs\events.out.tfevents.1749615572.Ayushs-MacBook-Pro-2.local.14937.0,transformer_run,2025-06-11 08:02:11.646530151
1749628931.646542,4,LR,0.0010000000474974513,events.out.tfevents.1749615572.Ayushs-MacBook-Pro-2.local.14937.0,transformer_run\logs\events.out.tfevents.1749615572.Ayushs-MacBook-Pro-2.local.14937.0,transformer_run,2025-06-11 08:02:11.646542072
1749589080.3246868,5,Loss/train,1.2808644771575928,events.out.tfevents.1749582302.Eli-Alien-x14.25968.0,exp1\logs\events.out.tfevents.1749582302.Eli-Alien-x14.25968.0,exp1,2025-06-10 20:58:00.324686766
1749589080.3246868,5,Loss/val,1.744131326675415,events.out.tfevents.1749582302.Eli-Alien-x14.25968.0,exp1\logs\events.out.tfevents.1749582302.Eli-Alien-x14.25968.0,exp1,2025-06-10 20:58:00.324686766
1749589080.3246868,5,Accuracy/train,0.7205528020858765,events.out.tfevents.1749582302.Eli-Alien-x14.25968.0,exp1\logs\events.out.tfevents.1749582302.Eli-Alien-x14.25968.0,exp1,2025-06-10 20:58:00.324686766
1749589080.3246868,5,Accuracy/val,0.6333927512168884,events.out.tfevents.1749582302.Eli-Alien-x14.25968.0,exp1\logs\events.out.tfevents.1749582302.Eli-Alien-x14.25968.0,exp1,2025-06-10 20:58:00.324686766
1749589080.3246868,5,BLEU/val,0.2050192952156067,events.out.tfevents.1749582302.Eli-Alien-x14.25968.0,exp1\logs\events.out.tfevents.1749582302.Eli-Alien-x14.25968.0,exp1,2025-06-10 20:58:00.324686766
1749589080.3246868,5,LR,0.0010000000474974513,events.out.tfevents.1749582302.Eli-Alien-x14.25968.0,exp1\logs\events.out.tfevents.1749582302.Eli-Alien-x14.25968.0,exp1,2025-06-10 20:58:00.324686766
1749602981.891815,5,Loss/train,1.5991883277893066,events.out.tfevents.1749597899.Eli-Alien-x14.7080.0,exp2\logs\events.out.tfevents.1749597899.Eli-Alien-x14.7080.0,exp2,2025-06-11 00:49:41.891814947
1749602981.891815,5,Loss/val,2.1947267055511475,events.out.tfevents.1749597899.Eli-Alien-x14.7080.0,exp2\logs\events.out.tfevents.1749597899.Eli-Alien-x14.7080.0,exp2,2025-06-11 00:49:41.891814947
1749602981.891815,5,Accuracy/train,0.657669723033905,events.out.tfevents.1749597899.Eli-Alien-x14.7080.0,exp2\logs\events.out.tfevents.1749597899.Eli-Alien-x14.7080.0,exp2,2025-06-11 00:49:41.891814947
1749602981.891815,5,Accuracy/val,0.5399430990219116,events.out.tfevents.1749597899.Eli-Alien-x14.7080.0,exp2\logs\events.out.tfevents.1749597899.Eli-Alien-x14.7080.0,exp2,2025-06-11 00:49:41.891814947
1749602981.891815,5,BLEU/val,0.12980586290359497,events.out.tfevents.1749597899.Eli-Alien-x14.7080.0,exp2\logs\events.out.tfevents.1749597899.Eli-Alien-x14.7080.0,exp2,2025-06-11 00:49:41.891814947
1749602981.891815,5,LR,0.004999999888241291,events.out.tfevents.1749597899.Eli-Alien-x14.7080.0,exp2\logs\events.out.tfevents.1749597899.Eli-Alien-x14.7080.0,exp2,2025-06-11 00:49:41.891814947
1749619991.5867991,5,Loss/train,0.8516334891319275,events.out.tfevents.1749611105.Eli-Alien-x14.3776.0,exp3\logs\events.out.tfevents.1749611105.Eli-Alien-x14.3776.0,exp3,2025-06-11 05:33:11.586799145
1749619991.5867991,5,Loss/val,1.183186411857605,events.out.tfevents.1749611105.Eli-Alien-x14.3776.0,exp3\logs\events.out.tfevents.1749611105.Eli-Alien-x14.3776.0,exp3,2025-06-11 05:33:11.586799145
1749619991.5867991,5,Accuracy/train,0.8165319561958313,events.out.tfevents.1749611105.Eli-Alien-x14.3776.0,exp3\logs\events.out.tfevents.1749611105.Eli-Alien-x14.3776.0,exp3,2025-06-11 05:33:11.586799145
1749619991.5867991,5,Accuracy/val,0.7508057355880737,events.out.tfevents.1749611105.Eli-Alien-x14.3776.0,exp3\logs\events.out.tfevents.1749611105.Eli-Alien-x14.3776.0,exp3,2025-06-11 05:33:11.586799145
1749619991.5867991,5,BLEU/val,0.37353965640068054,events.out.tfevents.1749611105.Eli-Alien-x14.3776.0,exp3\logs\events.out.tfevents.1749611105.Eli-Alien-x14.3776.0,exp3,2025-06-11 05:33:11.586799145
1749619991.5867991,5,LR,0.0005000000237487257,events.out.tfevents.1749611105.Eli-Alien-x14.3776.0,exp3\logs\events.out.tfevents.1749611105.Eli-Alien-x14.3776.0,exp3,2025-06-11 05:33:11.586799145
1749631610.939021,5,Loss/train,0.8511331677436829,events.out.tfevents.1749615572.Ayushs-MacBook-Pro-2.local.14937.0,transformer_run\logs\events.out.tfevents.1749615572.Ayushs-MacBook-Pro-2.local.14937.0,transformer_run,2025-06-11 08:46:50.939021111
1749631610.939114,5,Loss/val,1.1660598516464233,events.out.tfevents.1749615572.Ayushs-MacBook-Pro-2.local.14937.0,transformer_run\logs\events.out.tfevents.1749615572.Ayushs-MacBook-Pro-2.local.14937.0,transformer_run,2025-06-11 08:46:50.939114094
1749631610.9391308,5,Accuracy/train,0.8063808679580688,events.out.tfevents.1749615572.Ayushs-MacBook-Pro-2.local.14937.0,transformer_run\logs\events.out.tfevents.1749615572.Ayushs-MacBook-Pro-2.local.14937.0,transformer_run,2025-06-11 08:46:50.939130783
1749631610.939143,5,Accuracy/val,0.7462520003318787,events.out.tfevents.1749615572.Ayushs-MacBook-Pro-2.local.14937.0,transformer_run\logs\events.out.tfevents.1749615572.Ayushs-MacBook-Pro-2.local.14937.0,transformer_run,2025-06-11 08:46:50.939142942
1749631610.939154,5,BLEU/val,0.34512820839881897,events.out.tfevents.1749615572.Ayushs-MacBook-Pro-2.local.14937.0,transformer_run\logs\events.out.tfevents.1749615572.Ayushs-MacBook-Pro-2.local.14937.0,transformer_run,2025-06-11 08:46:50.939153910
1749631610.939166,5,LR,0.0010000000474974513,events.out.tfevents.1749615572.Ayushs-MacBook-Pro-2.local.14937.0,transformer_run\logs\events.out.tfevents.1749615572.Ayushs-MacBook-Pro-2.local.14937.0,transformer_run,2025-06-11 08:46:50.939166069
1749590180.4672225,6,Loss/train,1.2337844371795654,events.out.tfevents.1749582302.Eli-Alien-x14.25968.0,exp1\logs\events.out.tfevents.1749582302.Eli-Alien-x14.25968.0,exp1,2025-06-10 21:16:20.467222452
1749590180.4672225,6,Loss/val,1.6993138790130615,events.out.tfevents.1749582302.Eli-Alien-x14.25968.0,exp1\logs\events.out.tfevents.1749582302.Eli-Alien-x14.25968.0,exp1,2025-06-10 21:16:20.467222452
1749590180.4672225,6,Accuracy/train,0.7312877178192139,events.out.tfevents.1749582302.Eli-Alien-x14.25968.0,exp1\logs\events.out.tfevents.1749582302.Eli-Alien-x14.25968.0,exp1,2025-06-10 21:16:20.467222452
1749590180.4672225,6,Accuracy/val,0.6425452828407288,events.out.tfevents.1749582302.Eli-Alien-x14.25968.0,exp1\logs\events.out.tfevents.1749582302.Eli-Alien-x14.25968.0,exp1,2025-06-10 21:16:20.467222452
1749590180.4672225,6,BLEU/val,0.2104220986366272,events.out.tfevents.1749582302.Eli-Alien-x14.25968.0,exp1\logs\events.out.tfevents.1749582302.Eli-Alien-x14.25968.0,exp1,2025-06-10 21:16:20.467222452
1749590180.4672225,6,LR,0.0010000000474974513,events.out.tfevents.1749582302.Eli-Alien-x14.25968.0,exp1\logs\events.out.tfevents.1749582302.Eli-Alien-x14.25968.0,exp1,2025-06-10 21:16:20.467222452
1749603796.298596,6,Loss/train,1.5656495094299316,events.out.tfevents.1749597899.Eli-Alien-x14.7080.0,exp2\logs\events.out.tfevents.1749597899.Eli-Alien-x14.7080.0,exp2,2025-06-11 01:03:16.298595905
1749603796.298596,6,Loss/val,2.1919500827789307,events.out.tfevents.1749597899.Eli-Alien-x14.7080.0,exp2\logs\events.out.tfevents.1749597899.Eli-Alien-x14.7080.0,exp2,2025-06-11 01:03:16.298595905
1749603796.298596,6,Accuracy/train,0.6650819778442383,events.out.tfevents.1749597899.Eli-Alien-x14.7080.0,exp2\logs\events.out.tfevents.1749597899.Eli-Alien-x14.7080.0,exp2,2025-06-11 01:03:16.298595905
1749603796.298596,6,Accuracy/val,0.5486671328544617,events.out.tfevents.1749597899.Eli-Alien-x14.7080.0,exp2\logs\events.out.tfevents.1749597899.Eli-Alien-x14.7080.0,exp2,2025-06-11 01:03:16.298595905
1749603796.298596,6,BLEU/val,0.14001211524009705,events.out.tfevents.1749597899.Eli-Alien-x14.7080.0,exp2\logs\events.out.tfevents.1749597899.Eli-Alien-x14.7080.0,exp2,2025-06-11 01:03:16.298595905
1749603796.298596,6,LR,0.004999999888241291,events.out.tfevents.1749597899.Eli-Alien-x14.7080.0,exp2\logs\events.out.tfevents.1749597899.Eli-Alien-x14.7080.0,exp2,2025-06-11 01:03:16.298595905
1749621474.338869,6,Loss/train,0.8228141665458679,events.out.tfevents.1749611105.Eli-Alien-x14.3776.0,exp3\logs\events.out.tfevents.1749611105.Eli-Alien-x14.3776.0,exp3,2025-06-11 05:57:54.338869095
1749621474.338869,6,Loss/val,1.1378120183944702,events.out.tfevents.1749611105.Eli-Alien-x14.3776.0,exp3\logs\events.out.tfevents.1749611105.Eli-Alien-x14.3776.0,exp3,2025-06-11 05:57:54.338869095
1749621474.338869,6,Accuracy/train,0.8234120011329651,events.out.tfevents.1749611105.Eli-Alien-x14.3776.0,exp3\logs\events.out.tfevents.1749611105.Eli-Alien-x14.3776.0,exp3,2025-06-11 05:57:54.338869095
1749621474.338869,6,Accuracy/val,0.7575987577438354,events.out.tfevents.1749611105.Eli-Alien-x14.3776.0,exp3\logs\events.out.tfevents.1749611105.Eli-Alien-x14.3776.0,exp3,2025-06-11 05:57:54.338869095
1749621474.338869,6,BLEU/val,0.39394837617874146,events.out.tfevents.1749611105.Eli-Alien-x14.3776.0,exp3\logs\events.out.tfevents.1749611105.Eli-Alien-x14.3776.0,exp3,2025-06-11 05:57:54.338869095
1749621474.338869,6,LR,0.0005000000237487257,events.out.tfevents.1749611105.Eli-Alien-x14.3776.0,exp3\logs\events.out.tfevents.1749611105.Eli-Alien-x14.3776.0,exp3,2025-06-11 05:57:54.338869095
1749634300.977708,6,Loss/train,0.8244842290878296,events.out.tfevents.1749615572.Ayushs-MacBook-Pro-2.local.14937.0,transformer_run\logs\events.out.tfevents.1749615572.Ayushs-MacBook-Pro-2.local.14937.0,transformer_run,2025-06-11 09:31:40.977708101
1749634300.97781,6,Loss/val,1.1321125030517578,events.out.tfevents.1749615572.Ayushs-MacBook-Pro-2.local.14937.0,transformer_run\logs\events.out.tfevents.1749615572.Ayushs-MacBook-Pro-2.local.14937.0,transformer_run,2025-06-11 09:31:40.977809906
1749634300.977823,6,Accuracy/train,0.8116971254348755,events.out.tfevents.1749615572.Ayushs-MacBook-Pro-2.local.14937.0,transformer_run\logs\events.out.tfevents.1749615572.Ayushs-MacBook-Pro-2.local.14937.0,transformer_run,2025-06-11 09:31:40.977823019
1749634300.977834,6,Accuracy/val,0.7532809972763062,events.out.tfevents.1749615572.Ayushs-MacBook-Pro-2.local.14937.0,transformer_run\logs\events.out.tfevents.1749615572.Ayushs-MacBook-Pro-2.local.14937.0,transformer_run,2025-06-11 09:31:40.977833986
1749634300.977854,6,BLEU/val,0.3601974844932556,events.out.tfevents.1749615572.Ayushs-MacBook-Pro-2.local.14937.0,transformer_run\logs\events.out.tfevents.1749615572.Ayushs-MacBook-Pro-2.local.14937.0,transformer_run,2025-06-11 09:31:40.977854013
1749634300.977866,6,LR,0.0010000000474974513,events.out.tfevents.1749615572.Ayushs-MacBook-Pro-2.local.14937.0,transformer_run\logs\events.out.tfevents.1749615572.Ayushs-MacBook-Pro-2.local.14937.0,transformer_run,2025-06-11 09:31:40.977865934
1749591280.7309673,7,Loss/train,1.1998028755187988,events.out.tfevents.1749582302.Eli-Alien-x14.25968.0,exp1\logs\events.out.tfevents.1749582302.Eli-Alien-x14.25968.0,exp1,2025-06-10 21:34:40.730967283
1749591280.7309673,7,Loss/val,1.6493613719940186,events.out.tfevents.1749582302.Eli-Alien-x14.25968.0,exp1\logs\events.out.tfevents.1749582302.Eli-Alien-x14.25968.0,exp1,2025-06-10 21:34:40.730967283
1749591280.7309673,7,Accuracy/train,0.7389089465141296,events.out.tfevents.1749582302.Eli-Alien-x14.25968.0,exp1\logs\events.out.tfevents.1749582302.Eli-Alien-x14.25968.0,exp1,2025-06-10 21:34:40.730967283
1749591280.7309673,7,Accuracy/val,0.6502828001976013,events.out.tfevents.1749582302.Eli-Alien-x14.25968.0,exp1\logs\events.out.tfevents.1749582302.Eli-Alien-x14.25968.0,exp1,2025-06-10 21:34:40.730967283
1749591280.7309673,7,BLEU/val,0.22451496124267578,events.out.tfevents.1749582302.Eli-Alien-x14.25968.0,exp1\logs\events.out.tfevents.1749582302.Eli-Alien-x14.25968.0,exp1,2025-06-10 21:34:40.730967283
1749591280.7309673,7,LR,0.0010000000474974513,events.out.tfevents.1749582302.Eli-Alien-x14.25968.0,exp1\logs\events.out.tfevents.1749582302.Eli-Alien-x14.25968.0,exp1,2025-06-10 21:34:40.730967283
1749604610.7533092,7,Loss/train,1.5393962860107422,events.out.tfevents.1749597899.Eli-Alien-x14.7080.0,exp2\logs\events.out.tfevents.1749597899.Eli-Alien-x14.7080.0,exp2,2025-06-11 01:16:50.753309250
1749604610.7533092,7,Loss/val,2.323498010635376,events.out.tfevents.1749597899.Eli-Alien-x14.7080.0,exp2\logs\events.out.tfevents.1749597899.Eli-Alien-x14.7080.0,exp2,2025-06-11 01:16:50.753309250
1749604610.7533092,7,Accuracy/train,0.6708650588989258,events.out.tfevents.1749597899.Eli-Alien-x14.7080.0,exp2\logs\events.out.tfevents.1749597899.Eli-Alien-x14.7080.0,exp2,2025-06-11 01:16:50.753309250
1749604610.7533092,7,Accuracy/val,0.5107748508453369,events.out.tfevents.1749597899.Eli-Alien-x14.7080.0,exp2\logs\events.out.tfevents.1749597899.Eli-Alien-x14.7080.0,exp2,2025-06-11 01:16:50.753309250
1749604610.7533092,7,BLEU/val,0.09729524701833725,events.out.tfevents.1749597899.Eli-Alien-x14.7080.0,exp2\logs\events.out.tfevents.1749597899.Eli-Alien-x14.7080.0,exp2,2025-06-11 01:16:50.753309250
1749604610.7533092,7,LR,0.004999999888241291,events.out.tfevents.1749597899.Eli-Alien-x14.7080.0,exp2\logs\events.out.tfevents.1749597899.Eli-Alien-x14.7080.0,exp2,2025-06-11 01:16:50.753309250
1749637006.858424,7,Loss/train,0.8031072616577148,events.out.tfevents.1749615572.Ayushs-MacBook-Pro-2.local.14937.0,transformer_run\logs\events.out.tfevents.1749615572.Ayushs-MacBook-Pro-2.local.14937.0,transformer_run,2025-06-11 10:16:46.858423948
1749637006.858565,7,Loss/val,1.1194379329681396,events.out.tfevents.1749615572.Ayushs-MacBook-Pro-2.local.14937.0,transformer_run\logs\events.out.tfevents.1749615572.Ayushs-MacBook-Pro-2.local.14937.0,transformer_run,2025-06-11 10:16:46.858565092
1749637006.8585842,7,Accuracy/train,0.8165715336799622,events.out.tfevents.1749615572.Ayushs-MacBook-Pro-2.local.14937.0,transformer_run\logs\events.out.tfevents.1749615572.Ayushs-MacBook-Pro-2.local.14937.0,transformer_run,2025-06-11 10:16:46.858584166
1749637006.8586,7,Accuracy/val,0.7527580261230469,events.out.tfevents.1749615572.Ayushs-MacBook-Pro-2.local.14937.0,transformer_run\logs\events.out.tfevents.1749615572.Ayushs-MacBook-Pro-2.local.14937.0,transformer_run,2025-06-11 10:16:46.858599901
1749637006.858616,7,BLEU/val,0.35475364327430725,events.out.tfevents.1749615572.Ayushs-MacBook-Pro-2.local.14937.0,transformer_run\logs\events.out.tfevents.1749615572.Ayushs-MacBook-Pro-2.local.14937.0,transformer_run,2025-06-11 10:16:46.858616114
1749637006.8586318,7,LR,0.0010000000474974513,events.out.tfevents.1749615572.Ayushs-MacBook-Pro-2.local.14937.0,transformer_run\logs\events.out.tfevents.1749615572.Ayushs-MacBook-Pro-2.local.14937.0,transformer_run,2025-06-11 10:16:46.858631849
1749592381.5911794,8,Loss/train,1.172885537147522,events.out.tfevents.1749582302.Eli-Alien-x14.25968.0,exp1\logs\events.out.tfevents.1749582302.Eli-Alien-x14.25968.0,exp1,2025-06-10 21:53:01.591179371
1749592381.5911794,8,Loss/val,1.6579724550247192,events.out.tfevents.1749582302.Eli-Alien-x14.25968.0,exp1\logs\events.out.tfevents.1749582302.Eli-Alien-x14.25968.0,exp1,2025-06-10 21:53:01.591179371
1749592381.5911794,8,Accuracy/train,0.7453815937042236,events.out.tfevents.1749582302.Eli-Alien-x14.25968.0,exp1\logs\events.out.tfevents.1749582302.Eli-Alien-x14.25968.0,exp1,2025-06-10 21:53:01.591179371
1749592381.5911794,8,Accuracy/val,0.6521520614624023,events.out.tfevents.1749582302.Eli-Alien-x14.25968.0,exp1\logs\events.out.tfevents.1749582302.Eli-Alien-x14.25968.0,exp1,2025-06-10 21:53:01.591179371
1749592381.5911794,8,BLEU/val,0.24018603563308716,events.out.tfevents.1749582302.Eli-Alien-x14.25968.0,exp1\logs\events.out.tfevents.1749582302.Eli-Alien-x14.25968.0,exp1,2025-06-10 21:53:01.591179371
1749592381.5911794,8,LR,0.0010000000474974513,events.out.tfevents.1749582302.Eli-Alien-x14.25968.0,exp1\logs\events.out.tfevents.1749582302.Eli-Alien-x14.25968.0,exp1,2025-06-10 21:53:01.591179371
1749605428.3904603,8,Loss/train,1.5202056169509888,events.out.tfevents.1749597899.Eli-Alien-x14.7080.0,exp2\logs\events.out.tfevents.1749597899.Eli-Alien-x14.7080.0,exp2,2025-06-11 01:30:28.390460253
1749605428.3904603,8,Loss/val,2.0645194053649902,events.out.tfevents.1749597899.Eli-Alien-x14.7080.0,exp2\logs\events.out.tfevents.1749597899.Eli-Alien-x14.7080.0,exp2,2025-06-11 01:30:28.390460253
1749605428.3904603,8,Accuracy/train,0.6753522157669067,events.out.tfevents.1749597899.Eli-Alien-x14.7080.0,exp2\logs\events.out.tfevents.1749597899.Eli-Alien-x14.7080.0,exp2,2025-06-11 01:30:28.390460253
1749605428.3904603,8,Accuracy/val,0.5669264793395996,events.out.tfevents.1749597899.Eli-Alien-x14.7080.0,exp2\logs\events.out.tfevents.1749597899.Eli-Alien-x14.7080.0,exp2,2025-06-11 01:30:28.390460253
1749605428.3904603,8,BLEU/val,0.16471531987190247,events.out.tfevents.1749597899.Eli-Alien-x14.7080.0,exp2\logs\events.out.tfevents.1749597899.Eli-Alien-x14.7080.0,exp2,2025-06-11 01:30:28.390460253
1749605428.3904603,8,LR,0.004999999888241291,events.out.tfevents.1749597899.Eli-Alien-x14.7080.0,exp2\logs\events.out.tfevents.1749597899.Eli-Alien-x14.7080.0,exp2,2025-06-11 01:30:28.390460253
1749639585.4795132,8,Loss/train,0.786847710609436,events.out.tfevents.1749615572.Ayushs-MacBook-Pro-2.local.14937.0,transformer_run\logs\events.out.tfevents.1749615572.Ayushs-MacBook-Pro-2.local.14937.0,transformer_run,2025-06-11 10:59:45.479513168
1749639585.479632,8,Loss/val,1.1135170459747314,events.out.tfevents.1749615572.Ayushs-MacBook-Pro-2.local.14937.0,transformer_run\logs\events.out.tfevents.1749615572.Ayushs-MacBook-Pro-2.local.14937.0,transformer_run,2025-06-11 10:59:45.479631901
1749639585.479648,8,Accuracy/train,0.8196368217468262,events.out.tfevents.1749615572.Ayushs-MacBook-Pro-2.local.14937.0,transformer_run\logs\events.out.tfevents.1749615572.Ayushs-MacBook-Pro-2.local.14937.0,transformer_run,2025-06-11 10:59:45.479648113
1749639585.47966,8,Accuracy/val,0.7540255188941956,events.out.tfevents.1749615572.Ayushs-MacBook-Pro-2.local.14937.0,transformer_run\logs\events.out.tfevents.1749615572.Ayushs-MacBook-Pro-2.local.14937.0,transformer_run,2025-06-11 10:59:45.479660034
1749639585.479672,8,BLEU/val,0.36593154072761536,events.out.tfevents.1749615572.Ayushs-MacBook-Pro-2.local.14937.0,transformer_run\logs\events.out.tfevents.1749615572.Ayushs-MacBook-Pro-2.local.14937.0,transformer_run,2025-06-11 10:59:45.479671955
1749639585.479687,8,LR,0.0010000000474974513,events.out.tfevents.1749615572.Ayushs-MacBook-Pro-2.local.14937.0,transformer_run\logs\events.out.tfevents.1749615572.Ayushs-MacBook-Pro-2.local.14937.0,transformer_run,2025-06-11 10:59:45.479686975
1749593482.678579,9,Loss/train,1.1520402431488037,events.out.tfevents.1749582302.Eli-Alien-x14.25968.0,exp1\logs\events.out.tfevents.1749582302.Eli-Alien-x14.25968.0,exp1,2025-06-10 22:11:22.678579092
1749593482.678579,9,Loss/val,1.6100050210952759,events.out.tfevents.1749582302.Eli-Alien-x14.25968.0,exp1\logs\events.out.tfevents.1749582302.Eli-Alien-x14.25968.0,exp1,2025-06-10 22:11:22.678579092
1749593482.678579,9,Accuracy/train,0.7500143051147461,events.out.tfevents.1749582302.Eli-Alien-x14.25968.0,exp1\logs\events.out.tfevents.1749582302.Eli-Alien-x14.25968.0,exp1,2025-06-10 22:11:22.678579092
1749593482.678579,9,Accuracy/val,0.6594101786613464,events.out.tfevents.1749582302.Eli-Alien-x14.25968.0,exp1\logs\events.out.tfevents.1749582302.Eli-Alien-x14.25968.0,exp1,2025-06-10 22:11:22.678579092
1749593482.678579,9,BLEU/val,0.2387702763080597,events.out.tfevents.1749582302.Eli-Alien-x14.25968.0,exp1\logs\events.out.tfevents.1749582302.Eli-Alien-x14.25968.0,exp1,2025-06-10 22:11:22.678579092
1749593482.678579,9,LR,0.0010000000474974513,events.out.tfevents.1749582302.Eli-Alien-x14.25968.0,exp1\logs\events.out.tfevents.1749582302.Eli-Alien-x14.25968.0,exp1,2025-06-10 22:11:22.678579092
1749606247.3060496,9,Loss/train,1.5026363134384155,events.out.tfevents.1749597899.Eli-Alien-x14.7080.0,exp2\logs\events.out.tfevents.1749597899.Eli-Alien-x14.7080.0,exp2,2025-06-11 01:44:07.306049585
1749606247.3060496,9,Loss/val,2.223038673400879,events.out.tfevents.1749597899.Eli-Alien-x14.7080.0,exp2\logs\events.out.tfevents.1749597899.Eli-Alien-x14.7080.0,exp2,2025-06-11 01:44:07.306049585
1749606247.3060496,9,Accuracy/train,0.6791355609893799,events.out.tfevents.1749597899.Eli-Alien-x14.7080.0,exp2\logs\events.out.tfevents.1749597899.Eli-Alien-x14.7080.0,exp2,2025-06-11 01:44:07.306049585
1749606247.3060496,9,Accuracy/val,0.5399693250656128,events.out.tfevents.1749597899.Eli-Alien-x14.7080.0,exp2\logs\events.out.tfevents.1749597899.Eli-Alien-x14.7080.0,exp2,2025-06-11 01:44:07.306049585
1749606247.3060496,9,BLEU/val,0.12533390522003174,events.out.tfevents.1749597899.Eli-Alien-x14.7080.0,exp2\logs\events.out.tfevents.1749597899.Eli-Alien-x14.7080.0,exp2,2025-06-11 01:44:07.306049585
1749606247.3060496,9,LR,0.004999999888241291,events.out.tfevents.1749597899.Eli-Alien-x14.7080.0,exp2\logs\events.out.tfevents.1749597899.Eli-Alien-x14.7080.0,exp2,2025-06-11 01:44:07.306049585
1749642236.502862,9,Loss/train,0.7733808755874634,events.out.tfevents.1749615572.Ayushs-MacBook-Pro-2.local.14937.0,transformer_run\logs\events.out.tfevents.1749615572.Ayushs-MacBook-Pro-2.local.14937.0,transformer_run,2025-06-11 11:43:56.502861977
1749642236.502972,9,Loss/val,1.0879217386245728,events.out.tfevents.1749615572.Ayushs-MacBook-Pro-2.local.14937.0,transformer_run\logs\events.out.tfevents.1749615572.Ayushs-MacBook-Pro-2.local.14937.0,transformer_run,2025-06-11 11:43:56.502971888
1749642236.502986,9,Accuracy/train,0.8225865364074707,events.out.tfevents.1749615572.Ayushs-MacBook-Pro-2.local.14937.0,transformer_run\logs\events.out.tfevents.1749615572.Ayushs-MacBook-Pro-2.local.14937.0,transformer_run,2025-06-11 11:43:56.502985954
1749642236.503016,9,Accuracy/val,0.7587981224060059,events.out.tfevents.1749615572.Ayushs-MacBook-Pro-2.local.14937.0,transformer_run\logs\events.out.tfevents.1749615572.Ayushs-MacBook-Pro-2.local.14937.0,transformer_run,2025-06-11 11:43:56.503015995
1749642236.50303,9,BLEU/val,0.3564037084579468,events.out.tfevents.1749615572.Ayushs-MacBook-Pro-2.local.14937.0,transformer_run\logs\events.out.tfevents.1749615572.Ayushs-MacBook-Pro-2.local.14937.0,transformer_run,2025-06-11 11:43:56.503030062
1749642236.5030432,9,LR,0.0010000000474974513,events.out.tfevents.1749615572.Ayushs-MacBook-Pro-2.local.14937.0,transformer_run\logs\events.out.tfevents.1749615572.Ayushs-MacBook-Pro-2.local.14937.0,transformer_run,2025-06-11 11:43:56.503043174
1749594581.4034655,10,Loss/train,1.1342829465866089,events.out.tfevents.1749582302.Eli-Alien-x14.25968.0,exp1\logs\events.out.tfevents.1749582302.Eli-Alien-x14.25968.0,exp1,2025-06-10 22:29:41.403465509
1749594581.4034655,10,Loss/val,1.5449023246765137,events.out.tfevents.1749582302.Eli-Alien-x14.25968.0,exp1\logs\events.out.tfevents.1749582302.Eli-Alien-x14.25968.0,exp1,2025-06-10 22:29:41.403465509
1749594581.4034655,10,Accuracy/train,0.7544028759002686,events.out.tfevents.1749582302.Eli-Alien-x14.25968.0,exp1\logs\events.out.tfevents.1749582302.Eli-Alien-x14.25968.0,exp1,2025-06-10 22:29:41.403465509
1749594581.4034655,10,Accuracy/val,0.6764718294143677,events.out.tfevents.1749582302.Eli-Alien-x14.25968.0,exp1\logs\events.out.tfevents.1749582302.Eli-Alien-x14.25968.0,exp1,2025-06-10 22:29:41.403465509
1749594581.4034655,10,BLEU/val,0.2565244436264038,events.out.tfevents.1749582302.Eli-Alien-x14.25968.0,exp1\logs\events.out.tfevents.1749582302.Eli-Alien-x14.25968.0,exp1,2025-06-10 22:29:41.403465509
1749594581.4034655,10,LR,0.0010000000474974513,events.out.tfevents.1749582302.Eli-Alien-x14.25968.0,exp1\logs\events.out.tfevents.1749582302.Eli-Alien-x14.25968.0,exp1,2025-06-10 22:29:41.403465509
1749607066.275125,10,Loss/train,1.489344835281372,events.out.tfevents.1749597899.Eli-Alien-x14.7080.0,exp2\logs\events.out.tfevents.1749597899.Eli-Alien-x14.7080.0,exp2,2025-06-11 01:57:46.275125027
1749607066.275125,10,Loss/val,2.2696914672851562,events.out.tfevents.1749597899.Eli-Alien-x14.7080.0,exp2\logs\events.out.tfevents.1749597899.Eli-Alien-x14.7080.0,exp2,2025-06-11 01:57:46.275125027
1749607066.275125,10,Accuracy/train,0.6820919513702393,events.out.tfevents.1749597899.Eli-Alien-x14.7080.0,exp2\logs\events.out.tfevents.1749597899.Eli-Alien-x14.7080.0,exp2,2025-06-11 01:57:46.275125027
1749607066.275125,10,Accuracy/val,0.5336393713951111,events.out.tfevents.1749597899.Eli-Alien-x14.7080.0,exp2\logs\events.out.tfevents.1749597899.Eli-Alien-x14.7080.0,exp2,2025-06-11 01:57:46.275125027
1749607066.275125,10,BLEU/val,0.11622307449579239,events.out.tfevents.1749597899.Eli-Alien-x14.7080.0,exp2\logs\events.out.tfevents.1749597899.Eli-Alien-x14.7080.0,exp2,2025-06-11 01:57:46.275125027
1749607066.275125,10,LR,0.004999999888241291,events.out.tfevents.1749597899.Eli-Alien-x14.7080.0,exp2\logs\events.out.tfevents.1749597899.Eli-Alien-x14.7080.0,exp2,2025-06-11 01:57:46.275125027
1749644920.402174,10,Loss/train,0.7605018019676208,events.out.tfevents.1749615572.Ayushs-MacBook-Pro-2.local.14937.0,transformer_run\logs\events.out.tfevents.1749615572.Ayushs-MacBook-Pro-2.local.14937.0,transformer_run,2025-06-11 12:28:40.402173996
1749644920.402246,10,Loss/val,1.066226840019226,events.out.tfevents.1749615572.Ayushs-MacBook-Pro-2.local.14937.0,transformer_run\logs\events.out.tfevents.1749615572.Ayushs-MacBook-Pro-2.local.14937.0,transformer_run,2025-06-11 12:28:40.402245998
1749644920.40226,10,Accuracy/train,0.825468122959137,events.out.tfevents.1749615572.Ayushs-MacBook-Pro-2.local.14937.0,transformer_run\logs\events.out.tfevents.1749615572.Ayushs-MacBook-Pro-2.local.14937.0,transformer_run,2025-06-11 12:28:40.402260065
1749644920.402272,10,Accuracy/val,0.7641200423240662,events.out.tfevents.1749615572.Ayushs-MacBook-Pro-2.local.14937.0,transformer_run\logs\events.out.tfevents.1749615572.Ayushs-MacBook-Pro-2.local.14937.0,transformer_run,2025-06-11 12:28:40.402271986
1749644920.4022841,10,BLEU/val,0.3602063059806824,events.out.tfevents.1749615572.Ayushs-MacBook-Pro-2.local.14937.0,transformer_run\logs\events.out.tfevents.1749615572.Ayushs-MacBook-Pro-2.local.14937.0,transformer_run,2025-06-11 12:28:40.402284145
1749644920.402295,10,LR,0.0010000000474974513,events.out.tfevents.1749615572.Ayushs-MacBook-Pro-2.local.14937.0,transformer_run\logs\events.out.tfevents.1749615572.Ayushs-MacBook-Pro-2.local.14937.0,transformer_run,2025-06-11 12:28:40.402295113
1749595683.4673195,11,Loss/train,1.1188613176345825,events.out.tfevents.1749582302.Eli-Alien-x14.25968.0,exp1\logs\events.out.tfevents.1749582302.Eli-Alien-x14.25968.0,exp1,2025-06-10 22:48:03.467319489
1749595683.4673195,11,Loss/val,1.53285813331604,events.out.tfevents.1749582302.Eli-Alien-x14.25968.0,exp1\logs\events.out.tfevents.1749582302.Eli-Alien-x14.25968.0,exp1,2025-06-10 22:48:03.467319489
1749595683.4673195,11,Accuracy/train,0.7575169801712036,events.out.tfevents.1749582302.Eli-Alien-x14.25968.0,exp1\logs\events.out.tfevents.1749582302.Eli-Alien-x14.25968.0,exp1,2025-06-10 22:48:03.467319489
1749595683.4673195,11,Accuracy/val,0.6808567047119141,events.out.tfevents.1749582302.Eli-Alien-x14.25968.0,exp1\logs\events.out.tfevents.1749582302.Eli-Alien-x14.25968.0,exp1,2025-06-10 22:48:03.467319489
1749595683.4673195,11,BLEU/val,0.2585132122039795,events.out.tfevents.1749582302.Eli-Alien-x14.25968.0,exp1\logs\events.out.tfevents.1749582302.Eli-Alien-x14.25968.0,exp1,2025-06-10 22:48:03.467319489
1749595683.4673195,11,LR,0.0010000000474974513,events.out.tfevents.1749582302.Eli-Alien-x14.25968.0,exp1\logs\events.out.tfevents.1749582302.Eli-Alien-x14.25968.0,exp1,2025-06-10 22:48:03.467319489
1749607886.0670989,11,Loss/train,1.4786278009414673,events.out.tfevents.1749597899.Eli-Alien-x14.7080.0,exp2\logs\events.out.tfevents.1749597899.Eli-Alien-x14.7080.0,exp2,2025-06-11 02:11:26.067098856
1749607886.0670989,11,Loss/val,2.1753761768341064,events.out.tfevents.1749597899.Eli-Alien-x14.7080.0,exp2\logs\events.out.tfevents.1749597899.Eli-Alien-x14.7080.0,exp2,2025-06-11 02:11:26.067098856
1749607886.0670989,11,Accuracy/train,0.6846104860305786,events.out.tfevents.1749597899.Eli-Alien-x14.7080.0,exp2\logs\events.out.tfevents.1749597899.Eli-Alien-x14.7080.0,exp2,2025-06-11 02:11:26.067098856
1749607886.0670989,11,Accuracy/val,0.5541478991508484,events.out.tfevents.1749597899.Eli-Alien-x14.7080.0,exp2\logs\events.out.tfevents.1749597899.Eli-Alien-x14.7080.0,exp2,2025-06-11 02:11:26.067098856
1749607886.0670989,11,BLEU/val,0.12924741208553314,events.out.tfevents.1749597899.Eli-Alien-x14.7080.0,exp2\logs\events.out.tfevents.1749597899.Eli-Alien-x14.7080.0,exp2,2025-06-11 02:11:26.067098856
1749607886.0670989,11,LR,0.004999999888241291,events.out.tfevents.1749597899.Eli-Alien-x14.7080.0,exp2\logs\events.out.tfevents.1749597899.Eli-Alien-x14.7080.0,exp2,2025-06-11 02:11:26.067098856
1749647456.519982,11,Loss/train,0.7499675750732422,events.out.tfevents.1749615572.Ayushs-MacBook-Pro-2.local.14937.0,transformer_run\logs\events.out.tfevents.1749615572.Ayushs-MacBook-Pro-2.local.14937.0,transformer_run,2025-06-11 13:10:56.519982100
1749647456.5201468,11,Loss/val,1.0574735403060913,events.out.tfevents.1749615572.Ayushs-MacBook-Pro-2.local.14937.0,transformer_run\logs\events.out.tfevents.1749615572.Ayushs-MacBook-Pro-2.local.14937.0,transformer_run,2025-06-11 13:10:56.520146847
1749647456.5201652,11,Accuracy/train,0.8276104927062988,events.out.tfevents.1749615572.Ayushs-MacBook-Pro-2.local.14937.0,transformer_run\logs\events.out.tfevents.1749615572.Ayushs-MacBook-Pro-2.local.14937.0,transformer_run,2025-06-11 13:10:56.520165204
1749647456.520177,11,Accuracy/val,0.7731637954711914,events.out.tfevents.1749615572.Ayushs-MacBook-Pro-2.local.14937.0,transformer_run\logs\events.out.tfevents.1749615572.Ayushs-MacBook-Pro-2.local.14937.0,transformer_run,2025-06-11 13:10:56.520176887
1749647456.52019,11,BLEU/val,0.3736693859100342,events.out.tfevents.1749615572.Ayushs-MacBook-Pro-2.local.14937.0,transformer_run\logs\events.out.tfevents.1749615572.Ayushs-MacBook-Pro-2.local.14937.0,transformer_run,2025-06-11 13:10:56.520190001
1749647456.520203,11,LR,0.0010000000474974513,events.out.tfevents.1749615572.Ayushs-MacBook-Pro-2.local.14937.0,transformer_run\logs\events.out.tfevents.1749615572.Ayushs-MacBook-Pro-2.local.14937.0,transformer_run,2025-06-11 13:10:56.520203113
1749596787.3753262,12,Loss/train,1.1084505319595337,events.out.tfevents.1749582302.Eli-Alien-x14.25968.0,exp1\logs\events.out.tfevents.1749582302.Eli-Alien-x14.25968.0,exp1,2025-06-10 23:06:27.375326157
1749596787.3753262,12,Loss/val,1.5035524368286133,events.out.tfevents.1749582302.Eli-Alien-x14.25968.0,exp1\logs\events.out.tfevents.1749582302.Eli-Alien-x14.25968.0,exp1,2025-06-10 23:06:27.375326157
1749596787.3753262,12,Accuracy/train,0.7598713636398315,events.out.tfevents.1749582302.Eli-Alien-x14.25968.0,exp1\logs\events.out.tfevents.1749582302.Eli-Alien-x14.25968.0,exp1,2025-06-10 23:06:27.375326157
1749596787.3753262,12,Accuracy/val,0.6816842555999756,events.out.tfevents.1749582302.Eli-Alien-x14.25968.0,exp1\logs\events.out.tfevents.1749582302.Eli-Alien-x14.25968.0,exp1,2025-06-10 23:06:27.375326157
1749596787.3753262,12,BLEU/val,0.27450865507125854,events.out.tfevents.1749582302.Eli-Alien-x14.25968.0,exp1\logs\events.out.tfevents.1749582302.Eli-Alien-x14.25968.0,exp1,2025-06-10 23:06:27.375326157
1749596787.3753262,12,LR,0.0010000000474974513,events.out.tfevents.1749582302.Eli-Alien-x14.25968.0,exp1\logs\events.out.tfevents.1749582302.Eli-Alien-x14.25968.0,exp1,2025-06-10 23:06:27.375326157
1749608706.5353775,12,Loss/train,1.4705721139907837,events.out.tfevents.1749597899.Eli-Alien-x14.7080.0,exp2\logs\events.out.tfevents.1749597899.Eli-Alien-x14.7080.0,exp2,2025-06-11 02:25:06.535377502
1749608706.5353775,12,Loss/val,2.3003365993499756,events.out.tfevents.1749597899.Eli-Alien-x14.7080.0,exp2\logs\events.out.tfevents.1749597899.Eli-Alien-x14.7080.0,exp2,2025-06-11 02:25:06.535377502
1749608706.5353775,12,Accuracy/train,0.6859570145606995,events.out.tfevents.1749597899.Eli-Alien-x14.7080.0,exp2\logs\events.out.tfevents.1749597899.Eli-Alien-x14.7080.0,exp2,2025-06-11 02:25:06.535377502
1749608706.5353775,12,Accuracy/val,0.5225280523300171,events.out.tfevents.1749597899.Eli-Alien-x14.7080.0,exp2\logs\events.out.tfevents.1749597899.Eli-Alien-x14.7080.0,exp2,2025-06-11 02:25:06.535377502
1749608706.5353775,12,BLEU/val,0.11694706976413727,events.out.tfevents.1749597899.Eli-Alien-x14.7080.0,exp2\logs\events.out.tfevents.1749597899.Eli-Alien-x14.7080.0,exp2,2025-06-11 02:25:06.535377502
1749608706.5353775,12,LR,0.0024999999441206455,events.out.tfevents.1749597899.Eli-Alien-x14.7080.0,exp2\logs\events.out.tfevents.1749597899.Eli-Alien-x14.7080.0,exp2,2025-06-11 02:25:06.535377502
1749650058.201853,12,Loss/train,0.7415583729743958,events.out.tfevents.1749615572.Ayushs-MacBook-Pro-2.local.14937.0,transformer_run\logs\events.out.tfevents.1749615572.Ayushs-MacBook-Pro-2.local.14937.0,transformer_run,2025-06-11 13:54:18.201853037
1749650058.201986,12,Loss/val,1.1205923557281494,events.out.tfevents.1749615572.Ayushs-MacBook-Pro-2.local.14937.0,transformer_run\logs\events.out.tfevents.1749615572.Ayushs-MacBook-Pro-2.local.14937.0,transformer_run,2025-06-11 13:54:18.201986074
1749650058.2020009,12,Accuracy/train,0.8293933272361755,events.out.tfevents.1749615572.Ayushs-MacBook-Pro-2.local.14937.0,transformer_run\logs\events.out.tfevents.1749615572.Ayushs-MacBook-Pro-2.local.14937.0,transformer_run,2025-06-11 13:54:18.202000856
1749650058.202013,12,Accuracy/val,0.7561241984367371,events.out.tfevents.1749615572.Ayushs-MacBook-Pro-2.local.14937.0,transformer_run\logs\events.out.tfevents.1749615572.Ayushs-MacBook-Pro-2.local.14937.0,transformer_run,2025-06-11 13:54:18.202013016
1749650058.202025,12,BLEU/val,0.34869384765625,events.out.tfevents.1749615572.Ayushs-MacBook-Pro-2.local.14937.0,transformer_run\logs\events.out.tfevents.1749615572.Ayushs-MacBook-Pro-2.local.14937.0,transformer_run,2025-06-11 13:54:18.202024937
1749650058.202037,12,LR,0.0010000000474974513,events.out.tfevents.1749615572.Ayushs-MacBook-Pro-2.local.14937.0,transformer_run\logs\events.out.tfevents.1749615572.Ayushs-MacBook-Pro-2.local.14937.0,transformer_run,2025-06-11 13:54:18.202037096
1749609524.481139,13,Loss/train,1.399596095085144,events.out.tfevents.1749597899.Eli-Alien-x14.7080.0,exp2\logs\events.out.tfevents.1749597899.Eli-Alien-x14.7080.0,exp2,2025-06-11 02:38:44.481138945
1749609524.481139,13,Loss/val,1.9463063478469849,events.out.tfevents.1749597899.Eli-Alien-x14.7080.0,exp2\logs\events.out.tfevents.1749597899.Eli-Alien-x14.7080.0,exp2,2025-06-11 02:38:44.481138945
1749609524.481139,13,Accuracy/train,0.7021233439445496,events.out.tfevents.1749597899.Eli-Alien-x14.7080.0,exp2\logs\events.out.tfevents.1749597899.Eli-Alien-x14.7080.0,exp2,2025-06-11 02:38:44.481138945
1749609524.481139,13,Accuracy/val,0.5977009534835815,events.out.tfevents.1749597899.Eli-Alien-x14.7080.0,exp2\logs\events.out.tfevents.1749597899.Eli-Alien-x14.7080.0,exp2,2025-06-11 02:38:44.481138945
1749609524.481139,13,BLEU/val,0.20145438611507416,events.out.tfevents.1749597899.Eli-Alien-x14.7080.0,exp2\logs\events.out.tfevents.1749597899.Eli-Alien-x14.7080.0,exp2,2025-06-11 02:38:44.481138945
1749609524.481139,13,LR,0.0024999999441206455,events.out.tfevents.1749597899.Eli-Alien-x14.7080.0,exp2\logs\events.out.tfevents.1749597899.Eli-Alien-x14.7080.0,exp2,2025-06-11 02:38:44.481138945
1749610341.877643,14,Loss/train,1.386866807937622,events.out.tfevents.1749597899.Eli-Alien-x14.7080.0,exp2\logs\events.out.tfevents.1749597899.Eli-Alien-x14.7080.0,exp2,2025-06-11 02:52:21.877643108
1749610341.877643,14,Loss/val,2.0254032611846924,events.out.tfevents.1749597899.Eli-Alien-x14.7080.0,exp2\logs\events.out.tfevents.1749597899.Eli-Alien-x14.7080.0,exp2,2025-06-11 02:52:21.877643108
1749610341.877643,14,Accuracy/train,0.7050485014915466,events.out.tfevents.1749597899.Eli-Alien-x14.7080.0,exp2\logs\events.out.tfevents.1749597899.Eli-Alien-x14.7080.0,exp2,2025-06-11 02:52:21.877643108
1749610341.877643,14,Accuracy/val,0.5818182229995728,events.out.tfevents.1749597899.Eli-Alien-x14.7080.0,exp2\logs\events.out.tfevents.1749597899.Eli-Alien-x14.7080.0,exp2,2025-06-11 02:52:21.877643108
1749610341.877643,14,BLEU/val,0.17663119733333588,events.out.tfevents.1749597899.Eli-Alien-x14.7080.0,exp2\logs\events.out.tfevents.1749597899.Eli-Alien-x14.7080.0,exp2,2025-06-11 02:52:21.877643108
1749610341.877643,14,LR,0.0024999999441206455,events.out.tfevents.1749597899.Eli-Alien-x14.7080.0,exp2\logs\events.out.tfevents.1749597899.Eli-Alien-x14.7080.0,exp2,2025-06-11 02:52:21.877643108
